image_id,dimension,class_name,inference_time,bboxes,scores
000000404249.jpg,"[640.0, 959.0]","['person', 'skateboard']",16.83230185508728,"[[65, 183, 430, 791], [131, 722, 332, 837]]","['1.000', '1.000']"
000000319935.jpg,"[1000.0, 622.0]","['chair', 'couch', 'couch', 'potted plant']",28.51479482650757,"[[574, 317, 625, 385], [622, 370, 1009, 616], [-1, 305, 318, 484], [744, 331, 873, 413]]","['0.954', '0.995', '0.982', '0.971']"
000000500565.jpg,"[879.0, 640.0]","['person', 'person', 'toothbrush']",38.87130689620972,"[[473, 109, 869, 624], [6, -3, 629, 635], [510, 414, 676, 522]]","['0.998', '0.997', '0.965']"
000000323709.jpg,"[1000.0, 500.0]",['airplane'],49.962594509124756,"[[89, 199, 745, 410]]",['1.000']